bssid,ssid,capabilities,frequency
38:17:c3:1f:0e:12,eduroam,[WPA2-EAP-CCMP][ESS],5180
38:17:c3:1f:0e:11,csu-eid,[WPA2-EAP-CCMP][ESS],5180
ea:9e:b4:53:24:54,DIRECT-54-HP M227f LaserJet,[WPA2-PSK-CCMP][WPS][ESS][P2P],2437
38:17:c3:1f:0e:02,eduroam,[WPA2-EAP-CCMP][ESS],2412
38:17:c3:1f:0e:01,csu-eid,[WPA2-EAP-CCMP][ESS],2412
80:8d:b7:55:39:d2,eduroam,[WPA2-EAP-CCMP][ESS],5240
80:8d:b7:55:39:d1,csu-eid,[WPA2-EAP-CCMP][ESS],5240
80:8d:b7:55:35:13,engr_labs,[WPA2-PSK-CCMP][ESS],5765
80:8d:b7:55:35:11,csu-eid,[WPA2-EAP-CCMP][ESS],5765
80:8d:b7:55:35:12,eduroam,[WPA2-EAP-CCMP][ESS],5765
80:8d:b7:55:35:01,csu-eid,[WPA2-EAP-CCMP][ESS],2462
80:8d:b7:55:35:02,eduroam,[WPA2-EAP-CCMP][ESS],2462
80:8d:b7:55:35:03,engr_labs,[WPA2-PSK-CCMP][ESS],2462
80:8d:b7:55:39:c2,eduroam,[WPA2-EAP-CCMP][ESS],2412
38:17:c3:1f:01:91,csu-eid,[WPA2-EAP-CCMP][ESS],5220
38:17:c3:1f:01:92,eduroam,[WPA2-EAP-CCMP][ESS],5220
38:17:c3:1f:01:82,eduroam,[WPA2-EAP-CCMP][ESS],2437
80:8d:b7:55:25:e3,engr_labs,[WPA2-PSK-CCMP][ESS],2437
38:17:c3:1f:01:81,csu-eid,[WPA2-EAP-CCMP][ESS],2437
38:17:c3:19:d7:62,eduroam,[WPA2-EAP-CCMP][ESS],2462
38:17:c3:19:d7:72,eduroam,[WPA2-EAP-CCMP][ESS],5785
38:17:c3:19:d7:71,csu-eid,[WPA2-EAP-CCMP][ESS],5785
80:8d:b7:55:25:f2,eduroam,[WPA2-EAP-CCMP][ESS],5805
80:8d:b7:55:25:f3,engr_labs,[WPA2-PSK-CCMP][ESS],5805
80:8d:b7:55:25:f1,csu-eid,[WPA2-EAP-CCMP][ESS],5805
80:8d:b7:55:25:e1,csu-eid,[WPA2-EAP-CCMP][ESS],2437
80:8d:b7:55:25:e2,eduroam,[WPA2-EAP-CCMP][ESS],2437
38:17:c3:19:d7:61,csu-eid,[WPA2-EAP-CCMP][ESS],2462
44:48:c1:a5:82:21,csu-eid,[WPA2-EAP-CCMP][ESS],2462
44:48:c1:a5:82:22,eduroam,[WPA2-EAP-CCMP][ESS],2462
80:8d:b7:55:3a:51,csu-eid,[WPA2-EAP-CCMP][ESS],5785
80:8d:b7:55:3a:52,eduroam,[WPA2-EAP-CCMP][ESS],5785
ac:e2:d3:c4:08:e6,DIRECT-DF-HP OfficeJet Pro 8710,[WPA2-PSK-CCMP][WPS][ESS][P2P],2437
38:17:c3:19:55:52,eduroam,[WPA2-EAP-CCMP][ESS],5180
38:17:c3:19:55:51,csu-eid,[WPA2-EAP-CCMP][ESS],5180
00:4e:35:df:06:51,eduroam,[WPA2-EAP-CCMP][ESS],5765
00:4e:35:df:06:50,csu-eid,[WPA2-EAP-CCMP][ESS],5765
38:17:c3:1e:ff:01,csu-eid,[WPA2-EAP-CCMP][ESS],2412
20:a6:cd:50:24:b2,eduroam,[WPA2-EAP-CCMP][ESS],5240
20:a6:cd:50:24:a1,csu-eid,[WPA2-EAP-CCMP][ESS],2437
20:a6:cd:50:24:a2,eduroam,[WPA2-EAP-CCMP][ESS],2437
b4:5d:50:e1:92:32,eduroam,[WPA2-EAP-CCMP][ESS],5220
b4:5d:50:e1:92:33,engr_labs,[WPA2-PSK-CCMP][ESS],5220
20:a6:cd:50:24:b1,csu-eid,[WPA2-EAP-CCMP][ESS],5240
38:17:c3:1e:ff:12,eduroam,[WPA2-EAP-CCMP][ESS],5825
2a:16:ad:ec:da:ab,DIRECT-IWENS12311msRS,[WPA2-PSK-CCMP][WPS][ESS][P2P],5785
38:17:c3:1f:0e:10,csu-guest,[ESS],5180
38:17:c3:1f:0e:00,csu-guest,[ESS],2412
80:8d:b7:55:39:d0,csu-guest,[ESS],5240
80:8d:b7:55:35:10,csu-guest,[ESS],5765
38:17:c3:1f:01:90,csu-guest,[ESS],5220
80:8d:b7:55:35:00,csu-guest,[ESS],2462
80:8d:b7:55:39:c0,csu-guest,[ESS],2412
38:17:c3:1f:01:80,csu-guest,[ESS],2437
80:8d:b7:55:25:e0,csu-guest,[ESS],2437
38:17:c3:19:d7:70,csu-guest,[ESS],5785
80:8d:b7:55:25:f0,csu-guest,[ESS],5805
80:8d:b7:55:3a:40,csu-guest,[ESS],2412
44:48:c1:a5:82:20,csu-guest,[ESS],2462
80:8d:b7:55:3a:50,csu-guest,[ESS],5785
00:4e:35:df:06:52,csu-guest,[ESS],5765
38:17:c3:19:55:50,csu-guest,[ESS],5180
38:17:c3:1e:ff:00,csu-guest,[ESS],2412
20:a6:cd:50:24:b0,csu-guest,[ESS],5240
b4:5d:50:e1:92:31,csu-guest,[ESS],5220
38:17:c3:1e:ff:10,csu-guest,[ESS],5825
66:2a:2f:53:7c:99,SETUP,[IBSS],2462
b0:be:76:f8:30:5e,TP-Link_305E,[WPA2-PSK-CCMP][WPS][ESS],2417
80:8d:b7:55:39:c1,csu-eid,[WPA2-EAP-CCMP][ESS],2412
44:48:c1:a5:82:31,csu-eid,[WPA2-EAP-CCMP][ESS],5200
44:48:c1:a5:82:32,eduroam,[WPA2-EAP-CCMP][ESS],5200
80:8d:b7:55:3a:42,eduroam,[WPA2-EAP-CCMP][ESS],2412
80:8d:b7:55:3a:41,csu-eid,[WPA2-EAP-CCMP][ESS],2412
00:4e:35:df:06:40,csu-eid,[WPA2-EAP-CCMP][ESS],2412
00:4e:35:df:06:41,eduroam,[WPA2-EAP-CCMP][ESS],2412
38:17:c3:1e:ff:02,eduroam,[WPA2-EAP-CCMP][ESS],2412
44:48:c1:a5:82:30,csu-guest,[ESS],5200
20:a6:cd:50:24:a0,csu-guest,[ESS],2437
00:4e:35:df:06:42,csu-guest,[ESS],2412
38:17:c3:19:45:b0,csu-guest,[ESS],5180
38:17:c3:19:45:b2,eduroam,[WPA2-EAP-CCMP][ESS],5180
38:17:c3:1e:ff:11,csu-eid,[WPA2-EAP-CCMP][ESS],5825
38:17:c3:19:d7:60,csu-guest,[ESS],2462
60:32:b1:3e:1a:b8,LIMS,[WPA2-PSK-CCMP][WPS][ESS],2457
b4:5d:50:e1:92:22,eduroam,[WPA2-EAP-CCMP][ESS],2462
38:17:c3:19:45:b1,csu-eid,[WPA2-EAP-CCMP][ESS],5180
38:17:c3:19:45:a1,csu-eid,[WPA2-EAP-CCMP][ESS],2437
38:17:c3:19:45:a0,csu-guest,[ESS],2437
b4:5d:50:e1:92:23,engr_labs,[WPA2-PSK-CCMP][ESS],2462
38:17:c3:19:45:a2,eduroam,[WPA2-EAP-CCMP][ESS],2437
60:32:b1:3e:1a:b7,LIMS,[WPA2-PSK-CCMP][WPS][ESS],5745
38:17:c3:19:55:42,eduroam,[WPA2-EAP-CCMP][ESS],2437
38:17:c3:19:55:41,csu-eid,[WPA2-EAP-CCMP][ESS],2437
38:17:c3:19:55:40,csu-guest,[ESS],2437
b4:5d:50:e1:92:21,csu-guest,[ESS],2462
20:a6:cd:42:0b:e3,engr_labs,[WPA2-PSK-CCMP][ESS],2462
b4:5d:50:e1:92:20,csu-eid,[WPA2-EAP-CCMP][ESS],2462
b4:5d:50:e1:92:30,csu-eid,[WPA2-EAP-CCMP][ESS],5220
a8:bd:27:4c:bd:30,csu-guest,[ESS],5180
00:4e:35:de:e1:00,csu-eid,[WPA2-EAP-CCMP][ESS],2412
00:4e:35:de:e1:11,eduroam,[WPA2-EAP-CCMP][ESS],5765
00:4e:35:de:e1:10,csu-eid,[WPA2-EAP-CCMP][ESS],5765
00:4e:35:de:e1:01,eduroam,[WPA2-EAP-CCMP][ESS],2412
00:4e:35:de:e1:12,csu-guest,[ESS],5765
00:4e:35:de:e1:02,csu-guest,[ESS],2412
38:17:c3:1f:08:41,csu-eid,[WPA2-EAP-CCMP][ESS],2412
44:48:c1:91:95:b2,csu-guest,[ESS],5765
38:17:c3:1f:08:50,csu-guest,[ESS],5745
38:17:c3:1f:08:42,eduroam,[WPA2-EAP-CCMP][ESS],2412
38:17:c3:1f:08:40,csu-guest,[ESS],2412
a8:bd:27:4c:bd:31,csu-eid,[WPA2-EAP-CCMP][ESS],5180
38:17:c3:1f:22:21,csu-eid,[WPA2-EAP-CCMP][ESS],2437
00:4e:35:de:d7:52,csu-guest,[ESS],5825
38:17:c3:1f:22:20,csu-guest,[ESS],2437
00:4e:35:de:d7:53,engr_labs,[WPA2-PSK-CCMP][ESS],5825
00:4e:35:de:d7:51,eduroam,[WPA2-EAP-CCMP][ESS],5825
00:4e:35:de:d7:50,csu-eid,[WPA2-EAP-CCMP][ESS],5825
00:4e:35:de:d7:40,csu-eid,[WPA2-EAP-CCMP][ESS],2437
38:17:c3:1f:22:30,csu-guest,[ESS],5805
38:17:c3:1f:22:22,eduroam,[WPA2-EAP-CCMP][ESS],2437
a8:bd:27:4c:bd:21,csu-eid,[WPA2-EAP-CCMP][ESS],2437
38:17:c3:19:71:90,csu-guest,[ESS],5745
a8:bd:27:4c:bd:20,csu-guest,[ESS],2437
a8:bd:27:4c:bd:32,eduroam,[WPA2-EAP-CCMP][ESS],5180
38:17:c3:19:71:80,csu-guest,[ESS],2437
38:17:c3:19:71:82,eduroam,[WPA2-EAP-CCMP][ESS],2437
38:17:c3:19:71:81,csu-eid,[WPA2-EAP-CCMP][ESS],2437
a8:bd:27:4c:bd:22,eduroam,[WPA2-EAP-CCMP][ESS],2437
38:17:c3:19:71:92,eduroam,[WPA2-EAP-CCMP][ESS],5745
00:4e:35:de:d7:43,engr_labs,[WPA2-PSK-CCMP][ESS],2437
38:17:c3:1f:22:32,eduroam,[WPA2-EAP-CCMP][ESS],5805
38:17:c3:1f:08:52,eduroam,[WPA2-EAP-CCMP][ESS],5745
38:17:c3:1f:08:51,csu-eid,[WPA2-EAP-CCMP][ESS],5745
38:17:c3:1f:22:31,csu-eid,[WPA2-EAP-CCMP][ESS],5805
38:17:c3:1e:fc:b0,csu-guest,[ESS],5785
38:17:c3:1e:fc:a1,csu-eid,[WPA2-EAP-CCMP][ESS],2462
00:4e:35:df:0e:00,csu-eid,[WPA2-EAP-CCMP][ESS],2412
00:4e:35:df:0e:02,csu-guest,[ESS],2412
38:17:c3:1e:fc:a2,eduroam,[WPA2-EAP-CCMP][ESS],2462
38:17:c3:1e:fc:a0,csu-guest,[ESS],2462
00:4e:35:df:0e:12,csu-guest,[ESS],5805
00:4e:35:df:0e:10,csu-eid,[WPA2-EAP-CCMP][ESS],5805
00:4e:35:df:0e:11,eduroam,[WPA2-EAP-CCMP][ESS],5805
38:17:c3:1e:fc:b1,csu-eid,[WPA2-EAP-CCMP][ESS],5785
38:17:c3:1e:fc:b2,eduroam,[WPA2-EAP-CCMP][ESS],5785
00:4e:35:df:0e:01,eduroam,[WPA2-EAP-CCMP][ESS],2412
64:e5:99:c3:13:3c,iptime,[WPA2-PSK-CCMP][WPS][ESS],2452
38:17:c3:24:58:a2,eduroam,[WPA2-EAP-CCMP][ESS],2412
38:17:c3:24:58:b0,csu-guest,[ESS],5805
38:17:c3:24:58:a1,csu-eid,[WPA2-EAP-CCMP][ESS],2412
38:17:c3:24:58:a0,csu-guest,[ESS],2412
38:17:c3:1b:08:b0,csu-guest,[ESS],5825
00:4e:35:df:27:00,csu-eid,[WPA2-EAP-CCMP][ESS],2412
38:17:c3:24:4f:10,csu-guest,[ESS],5220
00:4e:35:de:d7:42,csu-guest,[ESS],2437
00:4e:35:de:d7:41,eduroam,[WPA2-EAP-CCMP][ESS],2437
